{
  "test_metrics": {
    "pearson": 0.7342003409905989,
    "spearman": 0.7319767082432369,
    "kendall": 0.5399658038575402,
    "pairwise_accuracy": 0.7700350731721469,
    "mse": 13.86512279510498,
    "mae": 2.9263968467712402,
    "ndcg@10": 0.718121166002384,
    "precision@10": 1.0,
    "recall@10": 0.0028595939376608523,
    "ndcg@50": 0.6755858091760161,
    "precision@50": 1.0,
    "recall@50": 0.014297969688304261,
    "ndcg@100": 0.6662422564920318,
    "precision@100": 0.99,
    "recall@100": 0.028309979982842435,
    "val_loss": 4036.20840890067
  },
  "config": {
    "data": "data/raw/dream_rnn_lentimpra/data/lentiMPRA_HepG2_activity_data.h5",
    "out": "results",
    "experiment": "H3_HepG2_combined",
    "downsample": 1.0,
    "model": "dream_rnn_single",
    "n_domains": 10,
    "loss": "combined",
    "alpha": 0.5,
    "temperature": 1.0,
    "ranking_loss": "plackett_luce",
    "n_bins": 10,
    "epochs": 80,
    "batch_size": 1024,
    "lr": 0.005,
    "seed": 42,
    "gpu": 2,
    "curriculum": "none",
    "log_every": 50,
    "save_every": 10,
    "tensorboard": false
  }
}