{
  "test_metrics": {
    "pearson": 0.2522781491279602,
    "spearman": 0.24514972376417865,
    "kendall": 0.1707491545789106,
    "pairwise_accuracy": 0.5854012372124373,
    "mse": 0.7756434082984924,
    "mae": 0.6850060224533081,
    "ndcg@10": 0.008383110280633878,
    "precision@10": 0.5,
    "recall@10": 0.0008852691218130312,
    "ndcg@50": 0.09005977515500706,
    "precision@50": 0.6,
    "recall@50": 0.005311614730878187,
    "ndcg@100": 0.06625096842845386,
    "precision@100": 0.55,
    "recall@100": 0.009737960339943343,
    "val_loss": 5985.807345846425
  },
  "config": {
    "data": "data/raw/dream_rnn_lentimpra/data/lentiMPRA_K562_activity_and_aleatoric_data.h5",
    "out": "results",
    "experiment": "D1_domain_adversarial",
    "downsample": 0.01,
    "model": "dream_rnn_domain_adversarial",
    "n_domains": 10,
    "loss": "plackett_luce",
    "alpha": 0.5,
    "temperature": 1.0,
    "ranking_loss": "plackett_luce",
    "n_bins": 10,
    "epochs": 1,
    "batch_size": 1024,
    "lr": 0.005,
    "seed": 42,
    "gpu": 0,
    "curriculum": "linear",
    "log_every": 50,
    "save_every": 10,
    "tensorboard": false
  }
}