{
  "test_metrics": {
    "pearson": 0.7612702250480652,
    "spearman": 0.7064300397631588,
    "kendall": 0.5218446898864229,
    "pairwise_accuracy": 0.7610038161272447,
    "mse": 113.72989654541016,
    "mae": 10.073847770690918,
    "ndcg@10": 0.695852631752579,
    "precision@10": 1.0,
    "recall@10": 0.0017705382436260624,
    "ndcg@50": 0.724282209332734,
    "precision@50": 1.0,
    "recall@50": 0.008852691218130312,
    "ndcg@100": 0.7456868627812083,
    "precision@100": 1.0,
    "recall@100": 0.017705382436260624,
    "val_loss": 7775.165311067
  },
  "config": {
    "data": "data/raw/dream_rnn_lentimpra/data/lentiMPRA_K562_activity_and_aleatoric_data.h5",
    "out": "results",
    "experiment": "C1_pl_linear_curriculum",
    "downsample": 1.0,
    "model": "dream_rnn_single",
    "loss": "plackett_luce",
    "alpha": 0.5,
    "temperature": 1.0,
    "ranking_loss": "plackett_luce",
    "n_bins": 10,
    "epochs": 80,
    "batch_size": 1024,
    "lr": 0.005,
    "seed": 42,
    "gpu": 0,
    "curriculum": "linear",
    "log_every": 50,
    "save_every": 10,
    "tensorboard": false
  }
}