{
  "train": {
    "n_samples": 17264,
    "k562_var": 0.46293768286705017,
    "hepg2_var": 0.8285010457038879,
    "total_var": 1.2914386987686157,
    "cross_spearman": 0.8243256088100737,
    "cross_pearson": 0.8395238432587944,
    "noise_var_k562": 0.06158659979701042,
    "noise_var_hepg2": 0.04650528356432915,
    "noise_var_total": 0.10809188336133957,
    "noise_fraction": 0.08369881084127723,
    "signal_to_noise": 11.947601046523305
  },
  "test": {
    "n_samples": 2226,
    "k562_var": 0.47146931290626526,
    "hepg2_var": 0.8499816656112671,
    "total_var": 1.32145094871521,
    "cross_spearman": 0.8178415429698652,
    "cross_pearson": 0.8387513485892962,
    "noise_var_k562": 0.06418502330780029,
    "noise_var_hepg2": 0.04454546421766281,
    "noise_var_total": 0.1087304875254631,
    "noise_fraction": 0.08228113773816356,
    "signal_to_noise": 12.15345372571557
  },
  "all": {
    "n_samples": 21576,
    "k562_var": 0.46234098076820374,
    "hepg2_var": 0.8275281190872192,
    "total_var": 1.2898690700531006,
    "cross_spearman": 0.8245518567276863,
    "cross_pearson": 0.8405567982215452,
    "noise_var_k562": 0.06178434565663338,
    "noise_var_hepg2": 0.04630525782704353,
    "noise_var_total": 0.10808960348367691,
    "noise_fraction": 0.08379889555707165,
    "signal_to_noise": 11.933331499804137
  }
}