{
  "test_metrics": {
    "pearson": 0.769930362701416,
    "spearman": 0.7105419649352614,
    "kendall": 0.5247320857847293,
    "pairwise_accuracy": 0.7624479774318967,
    "mse": 0.1262076199054718,
    "mae": 0.27152758836746216,
    "ndcg@10": 0.7105784800184568,
    "precision@10": 1.0,
    "recall@10": 0.0017705382436260624,
    "ndcg@50": 0.7048619339026636,
    "precision@50": 1.0,
    "recall@50": 0.008852691218130312,
    "ndcg@100": 0.7267169527525242,
    "precision@100": 1.0,
    "recall@100": 0.017705382436260624,
    "val_loss": 5661.189345857371
  },
  "config": {
    "data": "data/raw/dream_rnn_lentimpra/data/lentiMPRA_K562_activity_and_aleatoric_data.h5",
    "out": "results",
    "experiment": "R2_softsort",
    "downsample": 1.0,
    "model": "dream_rnn_single",
    "n_domains": 10,
    "loss": "softsort",
    "alpha": 0.5,
    "temperature": 1.0,
    "ranking_loss": "plackett_luce",
    "n_bins": 10,
    "epochs": 80,
    "batch_size": 1024,
    "lr": 0.005,
    "seed": 42,
    "gpu": 0,
    "curriculum": "none",
    "log_every": 50,
    "save_every": 10,
    "tensorboard": false
  }
}