{
  "test_metrics": {
    "pearson": 0.7535901665687561,
    "spearman": 0.6955957394228888,
    "kendall": 0.5106009881178387,
    "pairwise_accuracy": 0.7553802264407119,
    "mse": 0.12495901435613632,
    "mae": 0.26753002405166626,
    "ndcg@10": 0.48742965036978747,
    "precision@10": 1.0,
    "recall@10": 0.0017705382436260624,
    "ndcg@50": 0.6083532737236307,
    "precision@50": 1.0,
    "recall@50": 0.008852691218130312,
    "ndcg@100": 0.6377641944521818,
    "precision@100": 0.98,
    "recall@100": 0.017351274787535412,
    "val_loss": 0.07309000615192496
  },
  "config": {
    "data": "data/raw/dream_rnn_lentimpra/data/lentiMPRA_K562_activity_and_aleatoric_data.h5",
    "out": "results",
    "experiment": "B1_baseline_mse",
    "downsample": 1.0,
    "model": "dream_rnn",
    "loss": "mse",
    "alpha": 0.5,
    "temperature": 1.0,
    "ranking_loss": "plackett_luce",
    "n_bins": 10,
    "epochs": 80,
    "batch_size": 1024,
    "lr": 0.005,
    "seed": 42,
    "gpu": 0,
    "curriculum": "none",
    "log_every": 50,
    "save_every": 10,
    "tensorboard": false
  }
}