{
  "test_metrics": {
    "pearson": 0.7578034996986389,
    "spearman": 0.7006970817564234,
    "kendall": 0.5164960499563656,
    "pairwise_accuracy": 0.7583285990195575,
    "mse": 446.8373107910156,
    "mae": 20.831933975219727,
    "ndcg@10": 0.6570110079303064,
    "precision@10": 1.0,
    "recall@10": 0.0017705382436260624,
    "ndcg@50": 0.69981152570331,
    "precision@50": 1.0,
    "recall@50": 0.008852691218130312,
    "ndcg@100": 0.7285226681324072,
    "precision@100": 1.0,
    "recall@100": 0.017705382436260624,
    "val_loss": 7706.385833740234
  },
  "config": {
    "data": "data/raw/dream_rnn_lentimpra/data/lentiMPRA_K562_activity_and_aleatoric_data.h5",
    "out": "results",
    "experiment": "D3_full_advanced",
    "downsample": 1.0,
    "model": "dream_rnn_full_advanced",
    "n_domains": 10,
    "loss": "plackett_luce",
    "alpha": 0.5,
    "temperature": 1.0,
    "ranking_loss": "plackett_luce",
    "n_bins": 10,
    "epochs": 80,
    "batch_size": 1024,
    "lr": 0.005,
    "seed": 42,
    "gpu": 0,
    "curriculum": "linear",
    "log_every": 50,
    "save_every": 10,
    "tensorboard": false
  }
}